Question,Answer
What is 'simulates human intelligence'?,'simulates human intelligence' is an important concept from the text.
What is 'artificial intelligence'?,'artificial intelligence' is an important concept from the text.
What is 'language understanding'?,'language understanding' is an important concept from the text.
What is 'includes learning'?,'includes learning' is an important concept from the text.
What is 'study'?,'study' is an important concept from the text.
What is 'solving'?,'solving' is an important concept from the text.
What is 'reasoning'?,'reasoning' is an important concept from the text.
What is 'problem'?,'problem' is an important concept from the text.
What is 'perception'?,'perception' is an important concept from the text.
What is 'machines'?,'machines' is an important concept from the text.
